,PRODUCT_ID,TITLE,BULLET_POINTS,DESCRIPTION,PRODUCT_TYPE_ID,PRODUCT_LENGTH
0,1925202,"ArtzFolio Tulip Flowers Blackout Curtain for Door, Window & Room | Eyelets & Tie Back | Canvas Fabric | Width 4.5feet (54inch) Height 5 feet (60 inch); Set of 2 PCS","[LUXURIOUS & APPEALING: Beautiful custom-made curtains to decorate any home or office | Includes inbuilt tieback to hold the curtain | Completely finished and ready to hang on walls & windows,MATERIAL: Luxurious & versatile fabric with a natural finish | High colour fastness | State-of-the-art digital printing ensures colour consistency and prevents any fading | Eyelets; Cotton Canvas; Width 4.5feet (54inch) | Multicolour | PACKAGE: 2 Room Curtains Eyelets | SIZE: Height 5 feet (60 inch); SET OF 2 PCS,BLACKOUT CURTAIN: 100% opaque & heavy premium cotton canvas fabric | Tight knitted, long life & durable fabric | Printing only on front side with a plain colour back side,MADE TO PERFECTION: Large eyelets at the top to put hanging hooks | Perfectly tailored seams for durability | Refined stitching with a matching thread color,QUALITY ASSURED: Gentle wash with similar colors in cold water | Avoid direct sunlight to prevent fading | Dispatched after MULTIPLE QUALITY CHECKS]",,1650,2125.98
1,2673191,Marks & Spencer Girls' Pyjama Sets T86_2561C_Navy Mix_9-10Y,"[Harry Potter Hedwig Pyjamas (6-16 Yrs),100% cotton (exclusive of trimmings),Ribbing - 98% cotton, 2% elastane]",,2755,393.7
2,2765088,PRIKNIK Horn Red Electric Air Horn Compressor Interior Dual Tone Trumpet Loud Compatible with SX4,"[Loud Dual Tone Trumpet Horn, Compatible With SX4,Electric Air Horn with Compressor, Compatible With SX4,High Quality, High Intensity Horn Sound, Compatible With SX4,Color: Red, Compatible With SX4,Professional installation required, Compatible With SX4]","Specifications: Color: Red, Material: Aluminium, Voltage: 12V, dB: 130 dB (around), Material: Aluminum Pump Head + Steel Pump Body + ABS Shell and Parts DB output: 130db Voltage: 12v Sound Type: Dual Tone Application: 12V Voltage Vehicles With Battery Above 20A Package included: 1 x Dual Tone Air Horn Compatible With SX4",7537,748.0314953
3,1594019,"ALISHAH Women's Cotton Ankle Length Leggings Combo of 2, Plus 12 Colors_L","[Made By 95%cotton and 5% Lycra which gives you 4 ways stretchable comfort, GSM 180 to 190,Come with Elasticized Waist Band, Slim Fit,Bubble free fabric and High quality steaching, Bio Wash,Skin-friendly fabric,ANKLE LENGTH LEGGINGS PACK OF 2]","AISHAH Women's Lycra Cotton Ankel Leggings. Brand: ALISHAH Length: Ankel Length Leggings. Size Chart Medium: 28 - 30 inch Large: 30 - 32 inch X-Large: 32 - 34 inch 2X-Large: 34 - 38 inch The color fade will not be there in washing. This cotton stretch leggings is designed to provide absolute comfort and body fit. Pair it with short or long kurta for modern look. High on style, fit and finish, this leggings is sure to lend you a sophisticated look. Please wash the dark colors separately in order to improve the product life. Disclaimer: Product color may slightly vary due to photographic lighting sources or your monitor settings. Please order according to your waist size mentioned in size chart",2996,787.401574
4,283658,The United Empire Loyalists: A Chronicle of the Great Migration,,,6112,598.424
5,2152929,"HINS Metal Bucket Shape Plant Pot for Indoor & Outdoor Gardening (Red, Medium) Plant Stands for Indoor Balcony I Plant Bench I Plant Stands I Pot Stand Single I Potted Plant Stand I Big Pots I Metal","[Simple and elegant, great for displaying indoor plants like succulent plants, air plants, seedling, herbs etc.,High Quality - Both Indoor/outdoor planter stand and flower pots are made of wrought iron material, with powder coated paint, rustproof and durable.,Pefect decor for living room, balcony and garden.,BEST QUALITY, STRONG AND DURABLE - The surface of the pot holder is rust-proofed and it can be used for a longer time.,The elevated indoor potted plant stand can make watering easier and give the plant a better space to grow.,A pragmatic and eco-friendly gift for any nature lover, gardening hobbyist or home decorist.,Note : Plants are only for display.These are not included with Planter,Please allow 0~2cm errors due to manual measurement.]","HINS Brings you the most Elegant Looking Pot with Stand for durable and long life Pot Stands for your lovely garden space, office and home. HINS is one of the best choice when it comes to indoor plants. It makes a good choice for housewarming gift. This beautiful product will take center stage with its sprawling design when planted with a plant. The metal stands are painted with powder-coated paint that will protect the galvanized iron from rusting. It will also prevent the color from fading. Each planter pot is removable for easy mobility, allowing you to switch out plants depending on your mood Note- Monitors are not calibrated same, item color displayed in photos may be showing slightly different from the real object. Please take the real one as standard. Please allow 0~2cm errors due to manual measurement.",5725,950.0
6,413758,Ungifted: My Life and Journey,,,23,598.0
7,2026580,"Delavala Self Adhesive Kitchen Backsplash Wallpaper, Oil Proof Aluminum Foil Kitchen Sticker (Sliver 5(Mtr))","[HIGH QUALITY PVC MATERIAL: The kitchen aluminum foil stickers are made from plastic and aluminum foil, which is much stronger against high temperature than normal PVC sheet. The Anti-bacterial, Anti-mold, and Eco-friendly PVC materials is safe enough to use in Kitchen.,EASY TO USE AND CLEAN: Self-adhesive kitchen wallpaper is easy to stick on the dry, clean and smooth surface. Anti-oil, anti-dust and anti-water, anti-moisture PVC material allows you to wipe stains easily.,EASY CUT AND TRIM: back cut-to-fit grid lines design of the self-adhesive kitchen oil proof sticker is convenient for you to cut and trim any size you want. This silver rhombus texture add more fashion to your kitchen decor.,MULTI-USAGE: The kitchen backsplash wallpaper is great for home decorations to be used in kitchen cabinets ,countertop ,shelves, walls ,Pantry areas ,Dishwashers, Dishwasher Panels, Oven Hood, Refrigerators ,appliance etc, instant peel and apply to flat surfaces.,Anti-oil, anti-dust and anti-water: made from plastic and aluminum foil, much stronger against fire than normal PVC sheet. Resistant to heat and moisture, Easy wipe to remove the stains!]","<p><strong>Aluminum Foil Stickers-good kitchen helper for mom and wife.&nbsp;</strong><br><br><strong>Specification: &nbsp;</strong><br><strong>-Materials: high-quality PVC &nbsp;</strong><br><strong>-Size: 2 MT&nbsp;</strong><br><strong>-Color: Silver &nbsp;</strong><br><strong>-Friendly note: Please buy enough rolls at a time to make sure that these wallpaper comes from the same batch to avoid color difference. &nbsp;</strong><br><strong>-This Aluminum Foil Stickers can be used for any dry, clean and smooth surface.&nbsp;</strong><br><br><strong>Features: &nbsp;</strong><br><strong>1.High temperature resistant material is suitable for kitchen, which resists temperatures up to 250 Celsius. It can be used for a long time and will not deform. &nbsp;</strong><br><strong>2.Easily to cut up: A grid line in square on the back, easy for you get the size you need when you cut.&nbsp;</strong><br><br><strong>How to use? &nbsp;</strong><br><strong>1.Before sticking the kitchen oil proof wallpaper, please clean and dry surface with mild soap and water. Make sure that surface is flat and without any carve. &nbsp;</strong><br><strong>2.Just cut out the size you want. &nbsp;</strong><br><strong>3.Use dishcloth or card to remove any air bubbles.&nbsp;</strong><br><br><strong>Package Included: &nbsp;</strong><br><strong>1 √ó Kitchen Backsplash Wallpaper&nbsp;</strong><br><br><strong>100% SATISFACTION GUARANTEED: &nbsp;</strong><br><strong>We are always available to provide professional customer service before and after your purchase, so don't wait any longer and enjoy it right now.&nbsp;</strong><br><br>&nbsp;</p>",6030,984.2519675
8,2050239,PUMA Cali Sport Clean Women's Sneakers White Leather (37540701),"[Style Name:-Cali Sport Clean Women's Sneakers,Upper Material:-Leather,Lower Material:-Rubber,Care Instructions: Wipe with a clean dry cloth,Warranty Period: 90 Days Manufacturers Warranty]",,3302,393.7
9,2998633,Hexwell Essential oil for Home Fragrance Oil Aroma Diffuser oil Set of 2 Rajnigandha Oil & TeaTree Oil -10ML Each,"[100% Pure And Natural Essential Oil Or Fragrance Oil, Each Bottle in 10ml of aromatherapy essential oils available.,This essential oil set could be used in professional environments like massage facilities, beauty salons and offices, or used to diffuse/humidify the air in the rooms.,For those who love DIY, these essential oils could be perfect for baths, body and hair care, homemade lotions, candles, candle wax, soy wax, soap base, perfumes, cleaning, art & craft projects, pine cones, incense sticks or cones, other unscented products and so much more!,We have this types of Aromas Essential Diffuser oil of Lavender Oil, Rose Oil, Tea Tree Oil, Rosemary Oil, Jasmine Oil, Rajnigandha Oil, Eucalyptus Oil, Lemongrass Oil, Orchid Oil & Sandalwood Oil,A perfect gift for everyday use.]","Transform your home, workplace or hotel room into your personal aromatherapy oasis! With elegantly designed diffusers and aroma diffuser oils, you can infuse essential oils into any setting and create a spa-like experience anywhere life takes you. 10 bottle each of Lavender, Rose, Tea Tree, Rosemary, Jasmine, Rajnigandha, Eucalyptus, Lemongrass, Orchid & Sandalwood fragrance.",8201,393.700787
10,2857066,3NH¬Æ Glasses Goggles Anti Fog Antis Windproof Anti Dust Resistant,"[Good quality and Suitable to use.,This Product comes in a proper Packaging.,Delivery within 3-5 weeks,In case of any query or issue. Feel free to reach out to us.,Contains: Pack of 1]",3NH Glasses Goggles Anti Fog Antis Windproof Anti Dust Resistant,10359,590.5511805
11,833712,La Mure / Valbonnais gps,,,1,433.07
12,648364,J'ecris des lettres! premiers exercices d'√©criture 5-6 ans,,,1,759.841
13,1991694,"Mediterranean diet for beginners: 7Benefits of mediterranean diet,7day plan and 70yummy easy recipes",,,32,600.0
14,2790448,SEGOVIA Single Walled Stainless Steel Sports| fridge Water Bottle with SS Cap 1000 ml Bottle (straight+belly with sipper cap / cola+ smart with steel cap pack of 4 pcs),"[Segovia bottle consists of stainless steel which provides a robust build for any occasion whether it be hiking, cycling, camping, gym or just to the office. Its special design along with its material is a testament to its durability,The bottle and cap are made from BPA free materials and food grade steel. It's free of toxins and safe for you to use and drink from.Single layer wall stainless steel water bottle,no heat preservation function, be careful when adding hot water.]","Segovia bottle consists of stainless steel which provides a robust build for any occasion whether it be hiking, cycling, camping, gym or just to the office. Its special design along with its material is a testament to its durability. The bottle and cap are made from BPA free materials and food grade steel. It's free of toxins and safe for you to use and drink from.Single layer wall stainless steel water bottle,no heat preservation function, be careful when adding hot water.",1273,314.9606296
15,1810976,"Stone & Beam Fan Embossed Planter in Blue, Medium",,,6,670.0
16,1262926,Star Trek 50th Anniversary Cereamic Storage Jar,,,0,100.0
17,1491106,"Steelbird Hi-Gn SBH-11 HUNK Glossy Black and Blue with Smoke visor,580 mm","[High Impact ABS Material Shell,Replaceable and washable interior,Multi-layer EPS (Thermocol) High Density and low density For more Safety with Air Channels,Italian Design Hygienic Interior With Multipored Breathable Pedding Neck Protector For Extra Comfort,No impact on your hair growth due to anti-bacteria coating in helmet interior,Anti Allergic Interior,Size: 580mm (M),Country of Origin: India]",,8046,1240.155
18,1543564,"Kenneth Cole REACTION Men's Crespo Loafer B Shoe, Cognac, 10 M US","[Burnished metal center bit,Slightly padded Footbed]",,3247,500.0
19,793582,MASTER OF THE RINGS,,MASTER OF THE RINGS,716,750.0
20,1045826,"Cybrtrayd L049 No. 4 Lolly Chocolate Candy Mold, No. 4 with Exclusive Cybrtrayd Copyrighted Chocolate Molding Instructions",,,13101,1025.0
21,2964715,"Twisted Swirl Vintage Blue Phone Case Compatible with iPhone 13,Orange Fluid Abstract Design Cover for Men Girl Women,Unique Soft TPU Bumper Case Cover","[‚ù§„ÄêCompatible mode„Äë:This mobile phone case is only compatible with iPhone 13.It supports wireless charging. The precise cutout allows easy access to the charging port, buttons and camera.,‚ù§„ÄêScreen & Camera Protection„Äë: Made of high quality shockproof TPU material that protects against falls,drops ,scratches, bumps and more.The raised screen and camera edges help protect screen and camera from scratches.,‚ù§„ÄêClear Vivid Patterns„Äë : The Clear and fashionable patterns make your mobile phone look very personalized. Made with an unique printing technique, these patterns won‚Äôt rub off, fade or smudge.,‚ù§„ÄêPerfect Gifts& Anti-yellow„Äë: Fashionable and unique design and exquisite patterns are a good choice for gifts. High quality printing technology ensures that the pattern will not fade, turn yellow or fall off during use.,‚ù§„ÄêAfter-sale Service„Äë:Worry free after sales. If you have any questions, feel free to contact and we will reply within 24 hours.]","<b>Welcome to our store. We aim to offer unique and special case for you. </b><br> <b>Compatibility</b><br> Compatible with iPhone 13. <br>This case is durable, sturdy and scratch-resistant, perfect for self use or gifts.<br> <b>Features</b><br> ‚ù§Made of soft resilient TPU material, this case is durable and lightweight, easy to take on and off. <br> ‚ù§Raised camera and screen edges provide best protection for phones from falls, scratches or bumps. <br>Designed with four air cushion corners, it perfectly mitigates pressure from drops o falls.<br> ‚ù§Independent buttons and precise cutouts. <br>This case fits buttons, camera, speakers, and ports perfectly.<br> ‚ù§The print is vivid and clear, making your phone look unique and and aesthetic. <br>We use supreme scratch resistant ink, the pattern will not peel over time.<br> <b>PACKAGE LIST</b><br> Including 1 x Phone Case<br>",12556,577.0
22,655356,100 cl√©s des villes s≈ìurs.¬†Eu - Le Tr√©port - Mers-,,,1,539.369
23,459135,Training Camp: What the Best Do Better Than Everyone Else,,,12775,640.0
24,748018,"Peru, Los Senderos Posibles",,,115,527.558
25,2120903,JSR CART Incense Cones Rose (Pack of 65 Cones),"[Completed Natural & Herbal.,Fragrances:- Rose,In Order To Have A Perfect Ornamental Effects,Please Burn The Incense Cones In Windless Conditions.,Keep Burning sticks away from flammable articles. Ashes should fall on fireproof and heat resistant surface only. Do not ingest and Keep out of reach of children.,Use cone incense for offering your prayers or while meditating or relaxing. It will unquestionably boost up your confidence, create an encouraging environment and purify the atmosphere all around.]","PACK OF 65 INCENSE CONES. Best Quality Low Smoke Dhoop Cones By JSR Cart. Dhoop involves the offering of fragnance before the picture of a deity, as a token of respect. It has a pure and clean fragrance It creates such an ambience that your prayer reaches the divine and is completed Natural & Herbal.",1582,393.700787
26,879159,Lowepro Hipshot 20 for Flip Video Camera (Black),,,6417,260.0
27,2273102,Redgem 925 Silver Stud Earrings for Girls and Women Natural Amethyst Purple,"[Gemstone: Amethyst: Amethyst is a well known mineral and gemstone. It is the purple variety of the mineral¬†Quartz, and its most valuable and prized variety.,Pure Sterling Silver Earrings for Girls and Women: ¬†Stylish Pure 925 Silver Earrings beautiful and attractive.,Authenticity: product comes with a S925 Mark which serves as a proof of identity,Superior Quality & Skin Friendly: Made with Fine quality of silver with nickel free, lead free alloy which is non- allergic to all skin types.,Perfect Gift: Ideal for Valentine, Birthday, Anniversary gift for your loved ones. Women love jewellery; especially silver jewellery adore a women. They wear it on different occasion. They have special importance on ring ceremony, wedding and festive time. They can also wear it on regular basis.]","<p>These Stylish Earring for Women and Girls are handcrafted with love and will add a touch of spirituality to your look. It is suitable with all outfits &amp; may be worn at any occasion.</p> <p>Redgem has huge collection of fine jewellery of silver and precious gems for women.</p> <p>‚óÜ&nbsp;<strong>Pure Sterling Silver Earring for girls and Women&nbsp;</strong>makes it very simple and attractive.</p> <p>‚óÜ <strong>Design</strong>: A Stylish Pure Sterling Silver Product with beautiful design</p> <p>‚óÜ <strong>Authenticity</strong>: product comes with a S925 Mark which serves as a proof of identity</p> <p>‚óÜ&nbsp;<strong>Quality</strong>: Fine of silver with nickel free, lead free alloy which is non- allergic to all skin types.</p> <p>‚óÜ&nbsp;<strong>Occasion</strong>: suits to wear in any occasion like daily, party , wedding and festival.</p> <p>‚óÜ&nbsp;<strong>Perfect Gift:</strong> Ideal for Valentine, Birthday, Anniversary gift for your loved ones. Excellent gift for festivals celebrations and all precious moments of happiness.</p>",3357,31.496
28,1724966,"BaronHong Seamless Underwear Half Length Chest Binder for Tomboy Trans Lesbian(Black,2XL)","[Note:the Size Is Much Smaller Than Us Size,don't Refer To The The Amazon Size Chart. Please Refer To The Left Size Chart Picture Or ""product Description."" Select The Right Size Based On Your Upper Chest Circumference. Normally Please Choose 2 Size Bigger,if You Fit L In Us Size,please Choose At Least 2xl.,Designed For Transgender,ftm,tomboys,trans Lesbian,or Cosplay Stage Show Supply,or As A Sports Bra,strong Elastic Band Chest Binder,make Chest Flat And Become Cool,giving You A Man Appearance.,100% Brand New,perfect Design,this Corset Is Comfortable.the Effect Is Good,convenient To Wear,do Not Fade.the Average Life Expectancy Of About Half A Year.,Main Fabric Ingredients:cotton,polyester Fiber (polyester) Bamboo Charcoal Fabric; Soft Elastic Band,this Perfect Seamless Underwear Design Is Your First Choice For Underwear.,Wearing Experience:leaving More Space For The Body And Less Pressure On The Chest; Becoming Flat Naturally; Not Restricting The Breath.]","Size S upper chest circumference:64-72cm/25.2""-28.35""<br> Size M upper chest circumference:72-82cm/28.35""-32.28""<br> Size L upper chest circumference:82-88cm/32.28""-34.65""<br> Size XL upper chest circumference:88-94cm/34.65""-37.01""<br> Size XXL upper chest circumference:94-98cm/37.01""-38.58""<br>The Model:height 100cm,weight 50KG,his comfortable size is M.<br>BaronHong is a new brand ,aimed to bring you a better life.All tradeworks belongs to BaronHong.",2879,500.0
29,854763,Hot Wheels 2004 First Editions Crooze Wail Tale 77/100 WHITE 077 1:64 Scale,Hot Wheels 2004 First Editions Crooze Wail Tale 77/100 WHITE 077 1:64 Scale,1:64;First Editions0,976,450.0
30,2075497,Antique Home Decor Wooden Hand Painted and Handmade Hanging Wind Chimes Pieces (Multicolour) Handcrafted Decorative Wall/Door/Window Hanging Bells (Bell) Peacock,"[Size Approx ( in CM ) : Height 55 cm, Width 22 Cm,peacock wall hanging home decor , a beautiful Combination of handmade & hand painted bells Decorative elephants along with beautiful Wind chime bells,Material: Metal bells , wood & plastic,Makes a peace full sound which feels pleasant and positive to the ears and helps to relax.,Idol for home decoration, wall decor, can be hanged anywhere like window , balcony, terrace , roof top gardens, living room , main gate entrance etc. The product is made by skilled artists. Its a great Rajasthani handmade handicraft home decor. its perfect for gifting and decoration both. Its one of the finest rajasthani hanging decoration items. peacock wall decoration items]",Antique traditional handmade peacock wall decor Handmade Rajasthani bell wall hanging with bells for Bell shaped Wind chime for your house or office decor and positive atmosphere. Wind chimes sound creates peace and is a Feng Sui. Its a peacock wall decoration items makes home beautiful and sounds like a wind chime that contains handmade & hand painted elephants hanging in strings with golden bells that makes beautiful and smooth sound. The product will be exactly the same as show in the picture.,5565,866.1417314
31,2367805,GEOSHADOW FMB120 High-end Small Light Weight GPS Tracking Device Anti Theft Waterproof Real time Live Location Vehicle Tracker for Taxi Car Bus Truck Travels Automobile,"[Cost Effective Small Light weight GPS Device,Support New generation GSM/GNSS module,Dual SIM and Bluetooth Connectivity,Various Vehicle CAN Adapters,FMB Immobilizer,SOS, Geo-Fence, Vibration, Movement alarms and notification]","<p>FMB120 small and professional tracker with internal high gain GSM and GNSS antennas, which is able to collect device coordinates and other useful data and transfer them via GSM network to server.&nbsp;</p><p>This device is perfectly suitable for applications where location acquirement of remote objects is needed: fleet management, car rental companies, taxi companies, public transport, logistics companies, personal cars and so on. FMB120 can perform tasks on remote objects, such as monitoring engine status, controlling truck‚Äôs door etc.</p><p><strong>Features:</strong></p><ul><li>Support New generation GSM/GNSS module</li><li>Cost Effective Small Light weight GPS Device</li><li>Dual SIM and Bluetooth Connectivity</li><li>Various Vehicle CAN Adapters</li><li>FMB Immobilizer</li><li>SOS, Geo-Fence, Vibration, Movement alarms and notification</li></ul><p><strong>Specifications:</strong></p><ul><li>GPS Chipset: MTK high Sensitivity Chip</li><li>Model: FMB120</li><li>Location Accuracy: &lt;10 Meters</li><li>Voltage Input: 10-30V DC</li><li>Backup Battery: 170mAh</li><li>Tracking sensitivity: -165dBm</li><li>Acquisition sensitivity: -144dBm</li></ul><p><strong>Applications:</strong></p><ul><li>Fleet management</li><li>Car Rental, Taxis, Travel Bus.</li><li>Public transport</li><li>Logistics companies</li><li>Personal cars</li></ul><p><strong>Package Included:</strong></p><ul><li>1 GeoShadow FMB120 GPS Tracker</li><li>1 Extension Wire</li><li>1 Relay Wire</li><li>1 Instruction Note</li></ul>",2136,255.905
32,1188856,"Zinus 18 Inch Premium SmartBase Mattress Foundation / 4 Extra Inches high for Under-bed Storage / Platform Bed Frame / Box Spring Replacement / Strong / Sturdy / Quiet Noise-Free, Queen","[Your purchase includes One Zinus Casey Premium SmartBase 18-Inch Mattress Foundation in Queen Size. Mattress is not included,Bed frame dimensions: 60"" W x 80"" L x 18"" H. Bed frame weight: 36.2 lbs. | Clearance space: 17‚Äù | Core Composition ‚Äì Steel Frames and wires,Compatible frames: memory foam, spring and/or pillow top mattresses,Requires the use of SmartBase headboard brackets (not included) to connect to a headboard,Smartbases do not require a box spring, in fact the added height is meant to replace the box spring and provide you with ample storage space using our ""Smart"" patented design]","The Next Generation Bed Frame - The Premium 18 Inch SmartBase Mattress Foundation by Zinus eliminates the need for a box spring as your memory foam, spring or latex mattress should be placed directly on the Premium SmartBase. Uniquely designed for optimum support and durability the strong steel mattress support has multiple points of contact with the floor for stability and prevents mattress sagging, increasing mattress life. The Premium SmartBase bed frame is 18 inches high with 16.5 inches of clearance under the frame for 4 extra inches of under-bed storage space. With plastic caps to protect your floors and an innovative folding design to allow for easy storage, the SmartBase is well designed for ease of use. Worry free 5-year limited warranty.¬† Another comfort innovation from Zinus. Pioneering comfort.",1626,8000.0
33,2165448,"Bloodlines: Race, Cross and the Christian",,,133,530.0
34,292637,"Works, Now First Collected: To Which Are Prefixed the Lives of the Author Volume 4",,,6104,598.424
35,1955999,Women's A Line Open Back Satin Prom Dress Long Formal Party Skirts Deep V Neck Ball Gown Hot Pink Size 6,"[Feature: A-Line, Deep V-Neck Long/Floor Length Prom Dress, Sleeveless, Open Back, Back Zipper, with Shimmering Sequin Bodice, with Pockets.,V-Neck Sleeveless Satin Hot Pink Party Skirt for Women 2020, Open Back Formal Event Maxi Bridal Guest Party Gowns, A Line Marine Corps Ball Prom, Plus Size Beach Skirt, Long Juniors Teens Girls Summer Dresses, Wedding Night Ball Gowns.,This hot pink ball gown can be customized according to your size to ensure a fit. If you need to customize the size, please select ""Customsize"" in the size section or contact us in advance.,Delivery time: Usually, the production time of the hot pink evening dress takes 3-4 working days, and expedited shipping takes about 3-5 days to arrive. Standard shipping takes approximately 9-16 days to arrive.,Occasions: evening dresses, family gatherings, graduation ceremonies, wedding receptions, maternity dresses, masquerades, red carpets event, sweet 16, christmas eve, halloween, bridesmaid dresses, festive banquets, ball gowns, company banquets or other formal occasions.]","<strong>About YinanLi Dress</strong>:<br />We provide different style of Bridesmaid Dresses, Bridal gowns, Prom Gowns, Cocktail Dresses, Evening Dresses, Party Dresses, Homecoming Dresses, and Celebrity Dresses.<br /><br /><strong></strong> <strong>Prom Dress Details:</strong><br />Material: Satin<br />Neckline: V-Neck<br />Sleeve: Sleeveless<br />Back: Open Back<br />Closure: Back Zipper<br />Length: Long/Floor Length<br />Occasion: This elegant satin prom dress is suit for wedding party, bridesmaid, prom, evening, homecoming, wedding, birthday party, dance party, graduation, celebrity, red carpet and other formal or special occasions. <strong><strong></strong></strong><br /><br /><strong></strong><strong>Custom Size:</strong><br />We could make custom size and color freely, if you want please email to us when you place the order.<br />1. Bust:<br />2. Waist:<br />3. Hips:<br />4. Height: from head to toe (barefoot)<br /><br />1. Originally Designed: All dresses are designed by the most qualified designers, and the most experienced tailors carry out strict quality inspections in our own factories. Every needle and every thread reflects our passion for service and attention to detail. You will get the most exquisite design<br /><br />2. Could this work as a maternity dress? Since satin fabrics are not elastic, only some imperial waist skirts are suitable for pregnant women. We strongly recommend that you customize the dress, select &quot;custom&quot; in the size area, fill in your size, so we will customize this beautiful prom dress for you.",2986,590.5511805
36,2543433,"Decor Therapy 8347-01396096 (2 Pack) Outdoor Premium Seat Pad Set, Wheat","[Designed to fit most patio dining chairs,Fiber fill provides comfortable cushioning,Durable outdoor fabric,Cleans easily with mild soap and water, no bleach, air dry,Dimensions: 20 in. W x 19.5 in. D x 5 in. H (loft)]",,11855,1950.0
37,1108294,"Full Throttle Wake Shocker 70"" Covered Tube, Red",,,3306,3500.0
38,2535064,"LILLUSORY Women's Turtleneck Oversized Sweaters 2022 Fall Long Batwing Sleeve Spilt Hem Tunic Pullover Sweater Knit Tops, Dark Apricot, X-Small","[‚òÖSizeÔºöXS=US (4-6) S=US(4-8), M=US(10-14), L=US(16-20), XL=US(18-22ÔºâÔºåOversized style sweatersÔºåif between size, long torso choose size up.,‚òÖDesignÔºöTurtle cowl neckÔºålong batwing sleeveÔºåhigh low split hemÔºåsolid colorÔºåtunic top sweaterÔºåknitwear casual styleÔºåoversized sweater.,‚òÖOccasion: Outdoor wearing, Casual,Office; Great with leggings, high heels, boots etc,‚òÖMaterial:The asymmetric hem sweater made of 50% viscose 30% nylon and 20% PloyesterÔºåchunky sweaterÔºåcasual comfy pulloversÔºåLILLUSORY high quality sweaters.,‚òÖWashing Instruction: Hand wash recommended.Steam Iron.]",Turtleneck Pullover Sweater,2992,1770.0
39,1962527,Paperblanks 2021 Midnight Steel Midi 12-Month,"[12-Month Planner (January 2021 ‚Äì December 2021),5"" W √ó 7"" H,Day-at-a-time interior layout, 368 pages, 80 gsm,Hardcover with elastic closure, memento pouch and 2 ribbon markers,Also includes monthly and yearly calendars, national and international holidays, removable address book, conversion tables, international dialing codes, world time zones and additional note-taking pages]","Capturing the flavour of finely wrought Renaissance-style leather bindings, Paperblanks Midnight Steel 2021 12-Month Diary pays homage to the craft of delicate gold tooling, originally introduced to Europe via the flourishing trade routes to the East. The timeless beauty of an antique leather binding is brought into the present on the cover of this deep blue book.",5091,700.0
40,213498,Twin Flame Book of Positive Affirmations: Soul Growth Inspirations,,,87,600.0
41,1676450,Inflorescent,,,837,559.054
42,2779227,"Stunned Trendy, Latest, Classy Attractive Look Printed Mobile Back Case Cover for Vivo Y73 (Heart Lock)","[Check exact model of your phone, check (Settings-About Phone). There you will find device model. In case there is a code, search code online to find the exact name to avoid wrong model.,Material & Design: The multicolor mobile cover is made up of environment friendly Polycarbonate recyclable plastic with stylish authentic designs to add to your fashion sense,Accurate Fitting: These cases are made with good precision moulds covering sides and corners properly with highly accesable cut-outs for all ports and buttons,Drop Protection: The back cover has raised lips around the screen providing complete coverage against any drop, bump or scratches on screen,Safe & Sanitized: All products are sanitized before dispatching, employee follows safety guidelines]","Comfortable and light weight for daily use. Attractive, unique designs. Allows easy access to all buttons, controls and ports of your Phone. The back designs are totally customized designs, these designs on the cases are manufactured by Cleok Associate after you place the order. Protects your Phone from scratches and damage. This case covers full back side of your Phone and need not to replace the original back cover. High Quality finish case.Easy to install and remove.",2201,708.6614166
43,1519827,"Pooplu Womens Plain V Neck Half Sleeves Pack of 3 Combo Cotton Pink, Yellow, DarkPink T Shirt. Stylish, Casual Tshirts (_L)","[100 % Cotton,180 GSM Regular Fit T-Shirt,V Neck Stylish Half Sleeves Casual T shirt,Plain Combo Trendy Tshirt,Kindly Check Size Chart For Best Fitting. Design and Made In India]",Pooplu Womens Cotton Plain Combo Pack of 3 MultiColour T shirt With 180 GSM Pure Cotton Regular Fit Tshirt,3079,1000.0
44,993228,Merry Nickmas / Various,,,804,490.0
45,699328,Duden Kindergarten Lexikon,,,1,909.447
46,1329311,"Amscan 354001.54 Jumbo Margarita Glass, 30 oz, Caribbean Blue","[30 oz.,High quality paper,Drink in style with this plastic margarita glass,Perfect for parties, celebrations and adds a classy and simple accent to your table setting]",Serve cool drinks in our 30 oz Jumbo Plastic Margarita Glass Caribbean Blue! Features a Caribbean Blue plastic jumbo margarita glass. Holds 32 oz of your choice of liquid. Includes 1 margarita glass per package.,1419,950.0
47,1501832,adidas Men's Predator 18+ FG Firm Ground Soccer Cleats,adidas,adidas Predator 18+ FG- Black 7.5,2788,1300.0
48,1706369,"HOMEIDEAS 100% Blackout Curtains 52 X 63 Inch Length 2 Panels Light Grey Total Room Darkening Curtains for Bedroom, Thermal Grommet Double Layers Thick Soundproof Curtains Energy Saving","[‚òÖ100% BLACKOUT:Our curtains are made of 460GSM(460 gram per squar meter) high quality microfiber material, which is thicker and better quality. Constructed with DOUBLE LAYERS with black liner- This solid blackout thermal insulated grommet panels can achieve the full light black out. Giving you better sleeping experience.,‚òÖMULTIPLE FUNCTIONS:Due to the thick fabric, these lined curtains is of great thermal insulated ability and energy efficiency. No need to worry about the heat ouside in sunmmer. But also these window curtains is excellent in noise reduction. Which bring you a good sleep, making you full of energy every day.,‚òÖAMAZING MATERIAL: Soft microfiber polyester are silky, soft, drapery and very pleasant to touch.Special attention is given to stitching to make sure there is no loose threads and uneven hems/edges which ensure every purchase will receive a professionally constructed curtain set.,‚òÖ ELEGANT DESIGN: HOMEIDEAS window curtains are made of 460GSM perfect weight material which add dropping style to your window. These bedroom curtaions create casual elegance and decorative look for your house, but also be a privacy guarantee for you and your famaily.,‚òÖEASY CARE: Machine Wash Cold, delicate cycle with mild detergent. Do not bleach. Tumble Dry Low. Cool iron to remove potential wrinkle from packaging.8 silver grommets of each panel.Interior diameter is about 1.6 inches.Exterior diameter is about 2.4 inches.]",,1649,6300.0
49,2514546,"Oswal Multi Berry (300 gm) Wool Hank Hand Knitting Wool/Art Craft Soft Fingering Crochet Hook Yarn, Needle Knitting Yarn Thread dye T","[<p>üìå&nbsp;&nbsp;<b>FIBER COUNT</b>: Acrylic and Nylon </b> Multi Yarn , DK, Light Worsted (3). UK Recommended Needle no. - 8 (4mm) - 9 (3.75 mm) .3 ply, The perfect crafting starter set is colorful. Each of the acrylic yarn balls/skein is durable and easy to work with. Acrylic holds color, and the multipack of DK yarn supplies is perfect for an assortment of crafts, knitting, crocheting project, and other smart craft.</p>,<p>üìå&nbsp;&nbsp;<b>ACRYLIC YARNS</b> : Length (in meter.): 250/100 gm.Multi colored yarn Multi colored yarn 300 gm in the pack.</p>,<p>üìå&nbsp;&nbsp;<b>YARN SKEINS</b>: Yarn wool thread for crochet and knitting, 300 gm yarn large skeins perfect for accent work or yarn work requiring multiple varieties of craft projects. Shop online for the best yarn in class.</p>,<p>üìå&nbsp;&nbsp;<b>KNITTING YARN USERS</b>: Perfect beginners kit and craft yarn, soft and not that thick yarn, which makes it easy to work with and great for all users.</p>,<p>üìå&nbsp;&nbsp;<b>WAREHOUSE</b>: Factory packed bags are dye lot assured per bag of 300 gm. Great for clothes and other projects. Double Knitting or Light Worsted weight knitting yarn.</p>]","<p>‚úî This wool for knitting is good as a crochet yarn wool and can be crafted as jumpers, sweaters, etc.<br></p><p> ‚úî Knitting yarn baby wool is made of 100% acrylic. This high-quality knitting wool yarn set can be used for a variety of craft projects, hand crocheting, baby blankets, hats, booties, wool socks, kit and other baby and kids items.&nbsp;<br></p><p>‚úî&nbsp;This wool for knitting is good as a crochet yarn wool and can be crafted as jumpers, sweaters, etc.</p><p>‚úî&nbsp;Branded wool knitting provides satisfaction and quality of knitting experience.<br></p><p>‚úî&nbsp;This variety of wool contains many colors like Black, Violet, Blue, White, Red, Green, multi,&nbsp; etc.<br></p><p>‚úî&nbsp;This crochet wool is a Gauge 3 wool, it's not a chunky thick wool. It's a very soft thread yarn comes in many colors. Can be hand washet and delicat machine wash at 40¬∞ C.<br></p><p>‚úî&nbsp;Similar types of wools are - Vardhman rosemary wool, Vardhman microshine wool, oswal wool thread yarn for knitting.<br></p><p>‚úî Note - This is not a yarn thick chunky wool. Not a thick wool for knitting. It's a needle, crochet yarn acrylic avaliable in gm and kg.<br></p>",11192,590.5511805
50,385308,Seven Tips to Survival: Overcoming the Speed Bumps on Your Journey,,,123,550.0
51,370796,Four Seasons 2020 Calendar,,,1,1325.0
52,2632764,How to Raise A Passerby Heroine Kato Megumi Statue Scene Figure Figurine Decoration Model Collection Gift,,,6,590.5511805
53,1033263,Fruit of the Loom Men&#39;s Fleece Full Zip Hoodie,,,2275,1100.0
54,669543,Handbook of Classical and Modern Mandaic,,,6106,614.0
55,2749965,PosterHub Pink Floyd The Wall Poster Matte Finish Paper Print 12 x18 Inch (Multicolor) HS - P076,"[Pink Floyd The Wall Poster,Size : 12 x 18 Inch,Rolled and Packed in a Solid cardboard tube to with double protection sheet to prevent from any external damage.,Ready to be Framed, Premium Quality Poster,Printed with eco-friendly UV resistant inks for bright and rich colours which are easy to clean. Must be protected from sunlight, extreme temperature, dust and moisture to ensure long life]","This is a 12 x 18 Inch Size Poster Print, printed on high quality matte finish poster paper. No cheap paper used. Quality is Guaranteed.",1557,10.0
56,535662,Chocolate Treats: Decadent Delights Free from the Top 14 Allergens,,,77,800.0
57,1471735,Fihapyli Workout Tank Tops for Women Sleeveless Yoga Tops for Women Mesh Back Tops Racerback Muscle Tank Tops Workout Tops for Women Backless Gym Tops Running Tank Tops Activewear Tops Green M,"[The Back is made of mesh stitching. It looks Sexy and charming. It keeps air flowing and Keeps you cool when you sport,Backless, Rounded curved hem, Scoop Neck, loose fit allows for easy layering over any bra, offers you the maximum comfort,This fabric dries quickly. It is stretchable, Breathable, Super soft, Lightweight, Skin Friendly and Moisture wicking,The workout tank top perfect for workout, yoga, running, gym, athletic, trainning, exercise or just daily wear,Easy to care, machine or hand wash cold,(Below 30¬∞). Iron on loe heat settings. Do Not Bleach]",Fihapyli Workout Tank Tops for Women Sleeveless Yoga Tops for Women Mesh Back Tops Racerback Muscle Tank Tops Workout Tops for Women Backless Gym Tops Running Tank Tops Activewear Tops Green M,2640,10.0
58,518364,I Love Sloths More Than You: Blank Lined Journal Notebook Diary For Girls Boys Students And Teachers,,,1,744.0
59,2278606,"LCD Screen Module, TFT LCD Display Module for Replacement DIY Modification Repairing","[Multifunctional use, can be used for other display functions through the signal transmission line,Strict quality control and quality assurance, high safety factor, can be used with peace of mind,Small size, easy to carry and store, convenient to use and with good performance,With memory card slot to facilitate the expansion of the experiment, provide a wealth of sample programs,480X320 HD resolution, only a few IO can light up the display]","<p><b>Feature:</b></p><p>1. 480X320 HD resolution, only a few IO can light up the display<br>2. With memory card slot to facilitate the expansion of the experiment, provide a wealth of sample programs<br>3. Multifunctional use, can be used for other display functions through the signal transmission line<br>4. Small size, easy to carry and store, convenient to use and with good performance<br>5. Strict quality control and quality assurance, high safety factor, can be used with peace of mind</p><p><br></p><p><b>Spec:</b></p>Item Type: LCD Screen ModuleSize: Approx. 3.5 (inch)<br>Type: TFT<br>Driver Chip: ILI9488<br>Resolution: 480 x 320 (Pixel)<br>Module Interface: 4-wire SPI interface<br>Effective Display Area: (AA area) 48.96 x 73.44mm / 1.9 x 2.9in&nbsp;<br>Module PCB Floor Size: Approx.56.34 x 98mm / 2.2 x 3.9in&nbsp;<br>VCC Power Supply Voltage: 3.3V~5V<br>Logic I/O Voltage: 3.3V (TTL) <p><br></p><p><b>Package List:</b></p>1 x LCD Screen Module",646,39.3700787
60,1680776,"homyfort Under Bed Storage Bags,Foldable Storage Bins Drawers for Blanket,Clothes,Comforter,Tidy Up Your Closet,Shelves,with Clear Window,Dual Zippers,4 Strong Handles Set of 2 White Grey","[COMPLETELY BREATHABLE and 100% ECO-FRIENDLY-The breathable storage bags made with nonwon fabric that allows air to circulate inside, ultimately keeping stored items fresh for longer.Can folding in a small size, save more space if not in use.,DOUBLE STRONG ZIPPERS-The comforts storage bag has double smooth zippers so can open from the end or middle which make the storage bags easy to open and close.The zippers works well even with the bag full.Our zippers are much stronger and bigger than others.We can promise that ours can be used more than 1000 times (not like most cheap underbed bags where zipper break after only few uses).,EASY TO CARRY-Side double handles and front two handles make them easy to carry or grab and pull out from under the bed.,INSTANTLY KNOW WHAT'S INSIDE-Through the transparent top you can find the clothes, blankets, comforts conveniently and quickly without opening the blankets storage bags.,MULTIPURPOSE STORAGE OPTIONS-This underbed storage bag fits perfectly under your bed stacked on each other ,They are large enough that I fit 4 quilts (1 twin, 2 full/queen and a king) plus some pillowcases in just one of them..Also Works great for storing blankets and off season clothes.Dimensions: 39.37""x19.68""x5.90"" inches]","<b>Under the Bed Storage Containers,Underbed Storage Bins Organizer for Blanket Clothes, Tidy Up Your Closet and Shelf,with Clear Window,2 Sturdy Zippers,4 Strong Handles Set of 2 Coffee with Lantern Printing</b><br> <b>COLOR:white with lantern printing</b><br> <b>SIZE:39.37""x19.68""x5.90""</b><br> <b>Comforter breathable storage bag, Double strong zippers easy to carry or grab fits great under your bed</b><br> -Closet Soft Storage Bag With Clear Window Zippers and Handles ,classify Clothing,Comforters,Holiday Ornaments,Quilts, Blankets.<br> -Whether you want to tidy up your closets or create extra storage space under the bed, this versatile underbed organizer has got you covered in perfect style.<br> -Not only for under the bed, also for guestroom, down the attic stairs, your apartment with limited space to spare. They fold down to flat square when not in use.<br> -The jumbo blanket storage bag?is sturdy and durable.",1725,3937.0
61,738597,Upanishads in Daily Life - English,,,132,700.0
62,2694373,"Prigo Enterprise Multipurpose Fridge Storage containers and jar Set Plastic Refrigerator Box with Handles and Airtight Lid Unbreakable Kitchen Storage Vegetable, Food, Fruits Basket 1100ml(1)","[Our food storage boxes are with elegant and graceful designs and colors with strong lids and silicon seals which are perfect for storing fruits, vegetables, meat, eggs and other food items in the refrigerator. It is best for home and kitchen use.,Our storage containers are with strong handles which are easy-to-reach handles making it quick and easy to remove the bin from the refrigerator, shelf, or cabinet. Stackable design saves space when not in use.,This storage box is very useful for your kitchen refrigerator/freezer, pantry, and lawn/garden. This is the best home organizer for art and craft supplies, sewing supplies, office supplies, classroom items, home decorations, makeup, bedroom items.,made of high-quality durable food-grade pp, easy to clean, clear color containers easy to find your food. Peach, blue, white, 3 colors lids make life more colorful.,Package included: handle container set 1100ml]","Save space and get quick and easy access to your favorite foods and pantry items, you will save time and have a better idea of which food items you have on hand, organize bins by food categories. It also works great in the garage, bathroom, or bedroom for organizing craft supplies, sewing supplies, office supplies, classroom items, decorations, makeup, smaller bedroom items. Store items such as ribbon, tweezers, nail clippers, or some small things to make any junk drawer look neater. These are also used for tables and desks to store and organize your food or deal with small things. Great inside the refrigerator or freezer that organize them and keep the yogurt, meat, cheeses, eggs, fruit, or vegetables fresh.",1252,393.700787
63,916467,Luber-finer LK281MB Heavy Duty Oil Filter,"[Micro-glass synthetic and cellulose medias provide high filtering efficiency and dirt-holding capacity,Heavy-duty seamless steel shell provides unequaled burst and pulse-fatigue strength,Extra-strength spiral core resists high-pressure surges,Durable vibration resistant gasket provides positive seal,Real-time filtration solutions reduce engine wear, downtime, and operating costs]",,7254,940.0
64,1153854,Come and Take It Black Flag Embroidered Patch Iron-On Gonzales Texas Revolution,,Come and Take It Black Flag Embroidered Patch Iron-On Gonzales Texas Revolution,11395,350.0
65,1467567,Monroe 272437 Quick Complete Strut Assembly,"[QUICKER, SAFER, EASIER and COMPLETE REPAIR -- Includes everything you need for strut replacement in a single, fully assembled unit with no need for a spring compressor,RESTORES RIDE HEIGHT -- Precisely calibrated to meet the OE design, each application-specific coil spring type is engineered to restore ride height and support the vehicle‚Äôs weight,VEHICLE-SPECIFIC DESIGN -- Application-specific coil spring, mount and strut designs ensure optimized ride and handling experience unique to each vehicle profile,OE QUALITY ‚Äì Preassembled upper strut mount, coil spring, and strut feature an OE-style design for seamless fit, form, and function]",,7645,3040.0
66,2271956,Printed Vinyl Mobile Wrap Compatible with OnePlus 9R Skin Sticker Protector for Back Only - Blue Gold Marble-10 (with Matte Lamination),"[Matte Laminated Skin For BACK and CAMERA Part,Easy to install, can be installed in minutes,100% removable, leaves no stick residue or damage when removed,Perfect Fit, High Quality Material, Bubble Proof, Waterproof,Note: This is an only sticker not a case/cover.]","<p><strong>Do You Want Your Device To Look Different Than The Rest?</strong></p> <p>You&rsquo;re in the right place because we&rsquo;ve got exactly what you are looking for! This Skin is the perfect way to show off your style! Or with hundreds of other Skins designs, you can be sure to find one that you&rsquo;ll love, and that will show off your unique style!</p> <p><strong>Do You Want To Protect Your Device?</strong></p> <p>With our Skins your Device is protected from scratches, dings, dust, fingertips, and the wear-and-tear of everyday use!</p> <p>Cover your Device with a beautiful, stylish decal skin and keep it protected at the same time!</p> <p>Easy to apply, and easy to remove without any sticky residue!</p> <p>Make your favorite gear look like new, and stand out from the crowd!</p> <p><strong>Order With Confidence</strong></p> <p>Our Skins are durable, reliable, made in our state-of-the-art production facility in the India.</p> <p><strong>Product Details:</strong></p> <ul> <li>&nbsp;Vinyl decal sticker</li> <li>&nbsp;NOT A HARD CASE</li> <li>&nbsp;Ultra-Thin, Ultra-Durable, Stain Resistant</li> <li>&nbsp;Hundreds of different designs</li> <li><strong>&nbsp;Device is not included.</strong></li> </ul>",2213,393.700787
67,1218493,Mad Rock Remora Climbing Shoe - Men's Blue 9.5,"[Upper Material: SynFlex,Closure: gore elastic,Midsole: medium stiffness,Rubber: Science Friction,Profile: slight downturn]","The Remora Climbing Shoe is Mad Rock's do-it-all slipper for climbers who can't have separate shoes for boulders, sport routes, and gyms. With a moderately stiff, slightly downturned design, the Remora performs on any climb at steep to vertical angles. Science Friction rubber edges on jibs with ease, and it encapsulates the forefoot for toe-hooking prowess. The SynFlex upper conforms to your foot without much stretch.",2788,1402.0
68,679581,Dukat Und Griechisch-orthodoxes Patriarchat Von Antiocheia in Mittelbyzantinischer Zeit 969-1084: 14 (Mainzer Veroffentlichungen Zur Byzantinistik),,,6104,704.723
69,1662896,"Real Art. | Wall Hanging Plates | 24K Gold Printed Plates | God Picture Collection | 7""-1 pc with Plastic Stand | Diwali Puja","[24K Gold printed,Sctrach proof printing,Made with German Colors,Size - 7 inch 1 Pc]",24K Gold printed Wall hanging Bone china Plates with stand you can use iit anywhere in house its 7 inches single piece plate,12680,700.0
70,2763742,"Attiris Women's Satin Semi-Stitched Lehenga Choli (Green, Satin)","[This Set Includes: Lehenga, Unstitched Blouse Piece with Sleeve Material and Dupatta,Lehenga Style ‚Äì Flared (3 Meter) || Fabric ‚Äì Satin || Pattern ‚Äì Embroidered.,Semi-stitched Lehenga || Waist - Up to 42 Inches || Length - 42 Inches,Blouse ‚Äì Unstitched || Fabric ‚Äì Satin || Sleeve ‚Äì Separate Sleeve Material.,Dupatta Fabric ‚Äì Net || Pattern ‚Äì Solid || Dupatta Length ‚Äì 2.5m,Occasion: Traditional wear, Casual Wear, Party Wear, Evening Wear.,Disclaimer: Product color may slightly vary due to Photographic Lightening Source or Your Device Setting.]",This beautifully handcrafted Lehenga by Attiris will make you look simply elegant giving an ethnic vibe. Elegance is the beauty that never fades. This is a superb outfit for every function. Lehenga has 3 meter flair and is semi stitched fits upto 42 inches at waist. The blouse is made of embroidered satin giving you a glamorous look for your perfect evening. Dupatta is made of high quality soft butterfly net and is 2.5 meter long. This Ghagra is generally worn for celebratory occasions like weddings and festivals and also wearable as chaniya choli and lancha. Go for high heels and a gold clutch. All for a bonafide wedding ensemble.,5988,866.1417314
71,331813,"Say Something Dirty to 45 Friends, Lovers, and Mailmen",,,88,600.0
72,2464480,"GLAVON ADS Face & Body Scrub 200 gm with goodness of Natural Apricot Extract & MN BB Cream Rose Extract- Shade C,Dark Ivory [ Saver Pack of 4 Items ]","[PACKAGE CONTENTS :- [ GLAVON ADS Face & Body Scrub 200 gm with goodness of Natural Apricot Extract & MN BB Cream Rose Extract- Shade C,Dark Ivory [ Saver Pack of 4 Items ],Usage :- [ Apply All Over Face & Neck, Gently Massage In Circular Movement For 5 Minutes, More On Black Heads (Avoid Rubbing On Pimples). Wash Off With Cold Water. ],Walnut shell powder :- [ Exfoliating agent, removes dead skin cells and deeply cleanses the skin; Glycerin: Restores skin moisture ],[Ideal Gift for Her ]: They are appropriate for any holiday or special event, such as birthday, holiday, anniversary, Christmas, Valentine's Day, Mother's Day gift.,Container Type: 200 gm Tube]","GLAVON ADS Face & Body Scrub 200 gm with goodness of Natural Apricot Extract , 200 gm Combo of MN BB Cream Rose Extract- Shade C,Dark Ivory - [ Combo of 4 Items ]",348,393.700787
73,1603707,RADANYA Royal Laptop Skin Cover Vinyl Sticker Protector Case for 15x10 Inches,"[RADANYA Laptop Skins protect your device from dirt, minor scratches & dullness,Color : Multicolor|Dimensions (W x H): 15 Inches x 10 Inches Approx.,Easy to install & remove without leaving any gum or residue.,Laptop skin will give your device a unique look which are cool, trendy,There might be slight variation in color of the product and picture due to lighting]","Laptop skin is compatible with laptops screen sizes ranging from¬†14.1 inches to 15.6 inches. Trimning of the skin would be required as per your laptop size. The skins by MSI are easy to install & remove without leaving any gum or residue. <br/> laptop skins enable you and your device a unique look which are cool, trendy & personalized. These skins protect your device from dirt, minor scratches & dullness, increasing its life & re-sale value. Specification: <br/>Dimensions (W x H): 15 inches x 10 inches<br/>Compatibility: Most laptops with screen sizes ranging from 10"" to 15.6"" <br/>Instructions for application:<br/>1. Make sure your laptop is clean. Wipe it off with a soft cloth. The laptop should be free of dust, fat or grease - otherwise the laptop skin may not stick to your laptop as well as it's supposed to.<br/>2. Take the measurement of the applying area<br/>3. Trim the exact size before applying with a blade/scissors<br/>4. Align the laptop skin on your laptop, take care that you put it on straight and in the exact position that you want to place it<br/>5. Remove only one side of the liner from sheet, align to the applying surface and start attaching them slowly<br/>6. Proceed carefully with the use of a clean cloth and/or a plastic card (i.e. ATM card) to assure no air bubbles remain until the liner is removed.",712,1000.0
74,1571736,MJ Metals Jewelry White Ceramic Piano Keyboard 6mm Band Flat Pipe Cut High Polished Ring Size 12,"[White Ceramic Flat Pipe Cut High Polished Piano Keyboard Design - Show your love of the Piano. Ideal for men and women. Excellent Gift for that special someone. Can be used ans a Wedding, Promise Ring or Recital Gift.,Comfort Fit - the interior has a curve which allows this ring to slide smoothly over your finger. Very Comfortable,Ring Width: 6mm; Ring Thickness: 2mm; Lightweight Design,We offer a wide variety of unique ring styles and colors to choose from. We offer styles such as flat pipe cut, classic dome, modern beveled edge and more. You can find all of these styles available in a variety of finishes and colors in our store.,Gift Box valued at over $6.00 Included Free]","This unique White Ceramic ring is laser engraved with a piano keyboard design, crafted from Hi-Tech Ceramic. It looks amazing and is very comfortable to wear. It requires little to keep it clean. With its reasonable price and beauty, it is a great gift. Ideal for use as a wedding ring. All of our Ceramic rings are Hypoallergenic and scratch resistant. Choose from 6mm or 8mm Widths. The piano pattern is continuous around the outside of the ring.",3368,11.811
75,1527911,ArtzFolio Elephants with Their Trunks Like Lovers Bulletin Board Notice Pin Board | Vision Soft Board Combo with Thumb Push Pins | Black Frame 28 x 23.6 inch (71 x 60 cms),"[MULTI-PURPOSE USE: Flexible mounting | Use it both VERTICALLY or HORIZONTALLY | Pin up your notes, reminders or photos | Keep your space clean of any paper clutter | Hang it as a wall painting,MATERIAL: Framed cork board with a self-healing adaptive technology | Soft re-closing surface | Covered with natural finish printed fabric | Easy usage of push pins anywhere on the entire soft board | Pin Board; Black Frame | Pin Board; Black Frame | PACKAGE: 1 Bulletin Boards Framed | SIZE: 28 x 23.6 inch (71 x 60 cms),WITH FRAMING: Black colour frame | 0.75 inch wide polystyrene fibre frame (not wood) | Engineered wood at the back for additional strength,ELEGANT & EVERYWHERE USE: Framed pin board to enhance the beauty of your home & office | Ideal for use in your living room, kids room & kitchen as well as for hotels, hospitals, schools & offices,QUALITY ASSURED: Framed, light-weight & durable | Hand-crafted & made to perfection | NO ASSEMBLY REQUIRED - Pre-fitted with wall hanging hooks | Dispatched after MULTIPLE QUALITY CHECKS]",,5359,2800.0
76,993385,"Exacompta A3 Vega Opaque Pvc Display Book Landscape, 20 Pockets, Black",,,5,19.685
77,679453,"Selbstorganisation, 2.A.",,,1,696.849
78,1509561,"Oxza Universal Foldable Stand Holder Mount Bracket for Tablet, Cell, Mobile Phone Table Stand Mobile Holder","[Lightweight and foldable, easy to carry, Convenient to open and fold by press the two side-buttons,Non-slip rubber surface to protect tablet from scratch,Holds your samrtphone or tablet in portrait or landscape mode, Perfect for desk or table to watch movies, read etc. sync charging your device,Multi-angle adjustable, Angled support for easy video or photoes watching,Compatible with all phones and pads, Size(L*W*H): Approx 130*100*3mm]","The complementary design and sturdy build quality are some of the features that separate this universal tablet stand from other brands of tablet holders. Its unique combination of a solid plastic construction, soft silicon pads and a Non-slip rubber surface provides 100% protection, stability and mounting support for your device. The design of the holder helps to prevent your tablet or any other mounted device from getting scratched. This Universal phone stand is not only lightweight and portable but also fully retractable to support multiple mounting options and easy use on-the-go. Multi Angles, Landscape and Portrait Display Modes! This universal mobile phone holder and tablet stand has a very complimentary build resourcefully designed to offer you more for less. Its unique design allows you to conveniently use any mounted device in either portrait or landscape mode, so you can have a convenient viewing experience. Unlike other mounts for tablets and smartphone, this universal iPad stand has a well-balanced design that allows you to comfortably watch movies, read books, and play games on any mounted devices without worries. Its Adjustable angle allows you to use your tablets in landscape or portrait orientation, even if your device is encased. A Multi-Function Stand for all your Smart devices Having a stand that offers you more than one mounting options will come in handy if you have more than one device. With this in mind, we decided to design this mount to offer you just that. Unlike regular cell phone holders, mobile phone stands and tablet holders, this universal tablet display stand adjusts nicely to fit 4‚Äùto 12‚Äùsmartphones, tablets and other smart devices without hassles.",2197,393.700787
79,2349709,Red Tape Men's Casual Jacket (RFJ0127_Grey_M),"[Color: Grey,Department Name: Men's,Brand Name: Red Tape,Package Contents: 1 Jacket,Material: Shell- 95% Polyester 5% Elastane 80gsm, Lining - 100% Polyester, Padding - 100% Polyester]",,2848,944.88
80,365587,Stella Rising (Orca Soundings),,,1,425.0
81,2813917,Acm Leather Flip Flap Case Compatible with Realme Pad Mini Tablet Cover Stand Green,"[Magnetic Closure,Stand Feature,Green Color Leather Flip Cover,Tab Tablet Carry Case,Premium Rich Tablet Case Cover]","Note - Item Doesnt Have Back Camera Or Speaker Hole And For Its Usage The Tablet Needs To Be Removed From Cover.The Really Smart Cover Makes Tablet Do Things No Other Cover Can. The Smart Cover Doesn't Just Protect Tablet, It Keeps It Ready To Go Whenever You Are.Magnetic Locks To Lock Your Tablet When Not In Use And Hence Making It Totally Safe.You Can Put It Stand Up For Watching Videos Or Lay It Down For Typewriting.Ultra Slim & Lightweight Design.Soft Synthetic Leather Outer Gives Tactile And Aesthetic Appeal And Full Protects Your Latest Tablet Whilst The Leather Interior Adds Strength And Durability To The Case.`",713,866.1417314
82,416919,Wise Words: 100 Engineering Words Explained,,,39,826.77
83,499846,"Troop Leader Planner: A Complete Must-Have Troop Organizer, Dated Aug 2019 - Aug 2020",,,60,800.0
84,1233616,Lofbaz Women's Drawstring Harem Solid Bohemian Hippie Rayon Pants Purple M,"[COMFORTABLE - Loose fit and flowy wide leg ladies joggers.100% soft lightweight Rayon,GREAT FIT - Petite and Plus Size: S, M, L, XL, 2XL, 3XL, 4XL. Drawstring waist. 1 side pockets and elastic around the ankles,BEAUTIFUL STYLE - Cute colorful floral print and solid colors. Wear with your favorite tops,VERSATILE -Convenient for many occasions: yoga, lounge,beachwear,summer travel, maternity, festival,dance and many others,UNIQUE GIFTS - Perfect under 20 dollars gift for a loved one.Handmade ethically in Thailand under Fair Trade regulations]",<p>These pants are adjustable the waist by drawstring makes them incredibly versatile and comfortable. 100% rayon. The material is silky soft and lightweight. Hand wash is recommended.</p><p><strong>Measurement</strong></p><p><strong>Size S (US 0-2)</strong></p><ul><li>Waist circumference: 22.8 - 42.7 inches (58 - 108.4 cm)</li><li>Leg Length: 41.3 inches (105 cm)</li></ul><p><strong>Size M (US 4-6)</strong></p><ul><li>Waist circumference: 25.2 - 46.6 inches (64 - 118.4 cm)</li><li>Leg Length: 41.3 inches (105 cm)</li></ul><p><strong>Size L (US 8-10)</strong></p><ul><li>Waist circumference: 27.6 - 50.7 inches (70 - 128.8 cm)</li><li>Leg Length: 41.3 inches (105 cm)</li></ul><p><strong>Size XL (US 12-14)</strong></p><ul><li>Waist circumference: 29.9 - 54.6 inches (76 - 138.8 cm)</li><li>Leg Length: 41.3 inches (105 cm)</li></ul><p><strong>Size 2XL (US 16-18)</strong></p><ul><li>Waist circumference: 32.3 - 58.3 inches (82 - 148 cm)</li><li>Leg Length: 41.3 inches (105 cm)</li></ul><p><strong>Size 3XL (US 18-20)</strong></p><ul><li>Waist circumference: 34.6 - 62.2 inches (88 - 158 cm)</li><li>Leg Length: 41.3 inches (105 cm)</li></ul><p><strong>Size 4XL (US 20-22)</strong></p><ul><li>Waist circumference: 37 - 66.1 inches (94 - 168 cm)</li><li>Leg Length: 41.3 inches (105 cm)</li></ul>,3081,708.6614166
85,2352693,Dreaming Success To Living Success,,,150,550.0
86,438345,A Midsummer Night's Dream (Thrifty Classic Literature) (Volume 8),,,98,800.0
87,1325580,"Wacoal Women's Body By Wacoal Underwire Bra (38C, Red)",,Body by wacoal seamless underwire is sleek and modern,3009,600.0
88,312051,Can the Dead Communicate with the Living?,,,88,614.0
89,1099232,Startech.com SV211KUSB 2-Port MIni USB KVM Kit w Cabl (SV211KUSB),,,694,236.22
90,1461415,"Ozette Dr Flex Super Sensitive Soft Toothbrush With Container (Pack of 4), soft toothbrush, super soft toothbrush, sensitive tooth brush with Container cover cap holder super sensitive super soft","[The Super soft bristles take care of sensitive teeth and gums and are especially designed for a thorough gentle cleaning.,Special Tapered Filaments to reach deeper between teeth.,It comes with Specially Designed Head.,The handle is specially designed for a better grip & large head. Made in INDIA,Toothbrushes packed individually in anti bacterial container - Pack of 4]","Dr. Flex Ozette Super Sensitive toothbrush is made with Special super Soft Tapered filaments for sensitive gums. Packed in an Anti - Bacterial container which can be reused to keep your toothbrush safe from germs, etc. The handle is specially designed for a better grip & large head.<p><b>Its 100% Tapered Filaments provide safe and effective cleaning of teeth and gums.</b></p><p><b>Additional Features: </b><li>Washable and reusable.</li><li>You can get the protection you need and save money at the same time.</li><li>The anti - bacterial hygiene container is reusable and great for Home and Travel use.</li><li>This product will be delivered in assorted colors.</li><li><b>This Product is Made in India.</b></li><p><b>Gives you healthy teeth and a white smile!</b></p><b>Disclaimer: </b><br>This product will be delivered in assorted colors.",515,590.5511805
91,1888716,Alize Angora Gold Simli 5% Metallic 20% Wool 75% Acrylic Lot of 2 skn 200gr 1100 ydsYarn Thread Crochet Lace Hand Knitting Turkish Yarn (1 Cream),"[‚úÖ 2 Skeins Alize Angora Gold Simli 5% Metallic 20% Wool 75% Acrylic 2x100gr 1100 ydsYarn Thread Crochet Lace Hand Knitting Turkish Yarn,‚úÖ Each ball 500 mt (550 yds) Yarn weight: 1 Fingering & Sock,‚úÖ Composition: 20% Wool 80% Acrylic - 1 skein 3.53 Oz,‚úÖ Knitting needle size: 3-6 mm - Crochet Hook 2-4 mm]","Alize Angora Gold Simli 5% Metallic 20% Wool 75% Acrylic Lot of 2 skn 200gr 1100 ydsYarn Thread Crochet Lace Hand Knitting Turkish Yarn - SATISFACTION GUARANTEE - buy original crocheting yarn, check that you purchase from LIVLOREN seller",11192,196.8503935
92,2714665,Trendy Retail Bike Carrier Block Adapter for Brompton Folding Bike Bag Mount Holder Red,"[This unique designed bracket fits for Brompton front carrier block.,Adapter size: 11 x 8 cm. Max Loading is 35kg.,Designed for Brompton folding bike, no bag frame needed.,Made of high-quality ABS PVC, durable and wear-resisting.,There are four holes on the plate, easy to install.]","<p><b>Description:</b></p><p>This unique designed bracket fits for Brompton front carrier block.<br>Adapter size: 11 x 8 cm. Max Loading is 35kg.<br>Designed for Brompton folding bike, no bag frame needed.<br>Made of high-quality ABS PVC, durable and wear-resisting.<br>There are four holes on the plate, easy to install.<br>Convert your favorite small bag or basket into a bike bag.</p><p><b>Specification:</b></p><p>Material: ABS<br>Size: 11x2.5x8cm/4.33x1x3.15inch<br>Max Loading: 35kg</p><p><b>Package Includes:</b></p><p>1 Piece Bike Front Bag Carrier Block Adapter</p><p><b>Note:</b></p><p>Color might be slightly different due to the color calibration of each individual monitor.<br>Please allow slightly measuring deviation due to manual measurement.</p>",4788,354.3307083
93,2403589,Wyooxoo Fall Pillow Covers 18x18 Set of 4 Decorative Autumn Pumpkin Thanksgiving Throw Pillow Cover for Couch Outdoor Farmhouse Pillows Case for Sofa Living Room Cushion Bed Home Decor,"[„ÄêMaterial„Äë:Fall Thanksgiving Pillow Covers are made of Top Quality of Linen Fabric. breathable, comfortable and durable .,„ÄêSize„Äë: Standard decorative pillow covers size, 18x18 inches (45x45cm). HD digital printing,The pattern is only on the front side.,„ÄêDecorative„Äë: Throw Pillows are great for both indoors&outdoors decoration, like living room,office,bed room,party,patio,car,holiday home decoration. Four different patterns make the pillowcase perfectly match your living room,sofa and make your home more inviting.,„ÄêDesign„Äë: invisible zipper design,set of 4 Pillow Covers design,ONLY PILLOW COVERS, THE PILLOW INSERTS ARE NOT INCLUDED.Safe to wash by hand or machine. When machine drying, make sure the setting is on a low-dry mode. No dyes harming health. Best gift for your friends, family and lover.,„ÄêGuaranteed„Äë: We are dedicated to enhancing your purchasing experience. If for whatever reason you are not 100% absolutely happy with your product, just return and a full refund will be provided - no questions asked. We are always at your service.]","<br><p> <b> Materials: </b>Made of high quality durable linen fabric<br> <b> Features:</b>The Pillow Covers are very durable, environmentally friendly and very comfortable, breathable.It can decorate your sofa and add color to it<br> <b> Size:</b> pillow covers 18x18 inch (45cm x 45cm). Pillow insert is not included.<br><b> Note:</b>This outdoor pillows an invisible zipper and all seams have been over-locked so it is easy to wash it.Invisible zipper improves the appearance and provides easy insertion and removal. <br><p> <b> Care tips:</b><br> 1. Machine Wash in cold water. Do not use bleach.<br> 2. Dry flat or hang to dry. <p> <b> About WyooxooÔºö</b><br>""wyooxoo"" is the professional home decor manufacturer for over 7 years. we has dedicated to First-Class quality home decor Pillow covers, bringing a touch of freshness and warmth to your Home.<br> We are dedicated to enhancing your purchasing experience and offer a no questions asked refund, If you experience any issues. Simply contact wyooxoo directly through the Amazon messaging system. We are always at your service.</P>",7256,1799.999998164
94,54125,Autobiography and Personal Reminiscences of Major-General Benj. F. Butler: Butler's Book (Classic Reprint),,,6111,598.424
95,107333,Carl Pops Up,,,40,800.0
96,2919319,Generic Chiffon printed dupatta with Golden dots and Hangings for Girls and Women (White),"[Fabric: chiffon, size: 2.25 meters, fancy dupatta heavy,Fancy dupatta border golden Colour, light in weight,Chiffon Printed Work Dupatta for Womens & Girls The Chiffon Dupatta is favourite for picnic, outdoor, travelling, cycling, dancing and stage performance. Use it as casual or formal wear for office, shopping, daily wear in home, college, family, meetings, festive occasions.,work "" star zari on whole dupattae with jhalar lace. Fancy dupatta party Wear Fancy dupatta for women in chiffon]","Fancy dupatta border golden Colour, light in weight Chiffon Printed Work Dupatta for Womens & Girls The Chiffon Dupatta is favourite for picnic, outdoor, travelling, cycling, dancing and stage performance. Use it as casual or formal wear for office, shopping, daily wear in home, college, family, meetings, festive occasions.work "" star zari on whole dupatta with jhalar lace. Fancy dupatta party Wear Fancy dupatta for women in chiffon The dupatta is made with Soft Chiffon fabric which makes it extremely light and comfortable. It is elegant in appearance and features a captivating charm.",2918,8858.25
97,90582,CAUGHT IN THE ACT (Loveswept),,,3383,450.0
98,2894923,GlobalNiche¬Æ Leather Car Key Case Cover for for d Fiesta MK7 ST Focus 3 MK3 MK2 Fusion Ka Ecosport Galaxy Escort Key Ring Car Accessories Color Name Red,"[Good quality and Suitable to use.,This Product comes in a proper Packaging.,In case of any query or issue. Feel free to reach out to us.,Contains: Pack of 1.,Delivery within 3-5 weeks.]",GlobalNiche Leather Car Key Case Cover for for d Fiesta MK7 ST Focus 3 MK3 MK2 Fusion Ka Ecosport Galaxy Escort Key Ring Car Accessories Color Name Red,10350,590.5511805
99,1008258,"The Mountain Bigfoot Adult T-Shirt, Brown, Small","[Preshrunk,The Mountain uses only environmentally friendly inks and dyes to bring you a durable and comfortable top,Created, developed, dyed, and printed in Marlborough, NH,100% Oekotex Certified which guarantees shirts are free of chemicals harmful to your body]","<ul><li>Pre-Shrunk, Medium Weight, 100% Cotton</li><li>Relaxed, Classic Fit</li><li>Hand-Dyed and Printed Using Soft, Non-Toxic Water-Based Inks</li><li>Reinforced Double-Stitching On All Seams</li></ul>",2879,400.0
